{"cameraMode":{"drawMode":0,"name":"Shaded","section":"Shading Mode"},"sceneLighting":true,"audioPlay":false,"sceneViewState":{"m_AlwaysRefresh":false,"showFog":true,"showSkybox":true,"showFlares":true,"showImageEffects":true,"showParticleSystems":true,"showVisualEffectGraphs":true,"m_FxEnabled":true},"in2DMode":false,"pivot":{"x":54.246761322021487,"y":4.367786884307861,"z":-25.352258682250978},"rotation":{"x":0.10677506774663925,"y":-0.7000185251235962,"z":0.10709265619516373,"w":0.6979315876960754},"size":5.000385284423828,"orthographic":false}